<?xml version="1.0" encoding="UTF-8" standalone="no"?><rule><actions><action type="KYC"><sub_action type="CustomerInfo"><parameters><parameter name="lastName" val="WRITE"/><parameter name="remoteCustomer" val="WRITE"/><parameter name="deceased" val="WRITE"/><parameter name="sectorCode" val="WRITE"/><parameter name="sex" val="WRITE"/><parameter name="dateOfBirth" val="WRITE"/><parameter name="taxCode" val="WRITE"/><parameter name="addressForNewBankCustomer" val="WRITE"/><parameter name="birthPlace" val="WRITE"/><parameter name="firstName" val="WRITE"/><parameter name="mobilePhone" val="WRITE"/><parameter name="citizenships" val="WRITE"/><parameter name="birthCountry" val="WRITE"/><parameter name="company" val="WRITE"/><parameter name="email" val="WRITE"/></parameters></sub_action></action></actions></rule>