<rule>

	<checkpoint type="SessionEnd"/>
	<conditions>
        <conditionGroup>
            <condition expression="#{customer.type != 'Company'}" />
        </conditionGroup>
            <operator>AND</operator>
        <conditionGroup bundlename="3-1-0-FifthCustomerSession"/>
        <operator>AND</operator>
        <conditionGroup bundlename="3-1-0-WeakRelationship"/>
    </conditions>
	<actions>
		<action type="KYC">
			<sub_action type="Spar" />
		</action>
	</actions>
</rule>