"<?xml version=\"1.0\" encoding=\"utf-16\"?><Window AcceleratorKey=\"\" AccessKey=\"\" AutomationId=\"Saljstöd\" ClassName=\"WindowsForms10.Window.8.app.0.13965fa_r9_ad1\" FrameworkId=\"WinForm\" HasKeyboardFocus=\"False\" HelpText=\"\" IsContentElement=\"True\" IsControlElement=\"True\" IsEnabled=\"True\" IsKeyboardFocusable=\"True\" IsOffscreen=\"False\" IsPassword=\"False\" IsRequiredForForm=\"False\" ItemStatus=\"\" ItemType=\"\" LocalizedControlType=\"window\" Name=\"SYNK - Startfönster\" Orientation=\"None\" ProcessId=\"22468\" RuntimeId=\"42.1443320\" x=\"0\" y=\"0\" width=\"364\" height=\"248\" CanMaximize=\"False\" CanMinimize=\"True\" IsModal=\"False\" WindowVisualState=\"Normal\" WindowInteractionState=\"ReadyForUserInteraction\" IsTopmost=\"False\" CanRotate=\"False\" CanResize=\"False\" CanMove=\"True\" IsAvailable=\"True\"><Edit AcceleratorKey=\"\" AccessKey=\"Alt+f\" AutomationId=\"txtFondkontoNr\" ClassName=\"WindowsForms10.EDIT.app.0.13965fa_r9_ad1\" FrameworkId=\"WinForm\" HasKeyboardFocus=\"False\" HelpText=\"\" IsContentElement=\"True\" IsControlElement=\"True\" IsEnabled=\"True\" IsKeyboardFocusable=\"True\" IsOffscreen=\"False\" IsPassword=\"False\" IsRequiredForForm=\"False\" ItemStatus=\"\" ItemType=\"\" LocalizedControlType=\"edit\" Name=\"Fondkontonummer:\" Orientation=\"None\" ProcessId=\"22468\" RuntimeId=\"42.1117282\" x=\"108\" y=\"171\" width=\"146\" height=\"20\" /><Edit AcceleratorKey=\"\" AccessKey=\"Alt+o\" AutomationId=\"txtKortNr\" ClassName=\"WindowsForms10.EDIT.app.0.13965fa_r9_ad1\" FrameworkId=\"WinForm\" HasKeyboardFocus=\"False\" HelpText=\"\" IsContentElement=\"True\" IsControlElement=\"True\" IsEnabled=\"True\" IsKeyboardFocusable=\"True\" IsOffscreen=\"False\" IsPassword=\"False\" IsRequiredForForm=\"False\" ItemStatus=\"\" ItemType=\"\" LocalizedControlType=\"edit\" Name=\"Kort/kreditnr:\" Orientation=\"None\" ProcessId=\"22468\" RuntimeId=\"42.1248654\" x=\"108\" y=\"143\" width=\"146\" height=\"20\" /><Edit AcceleratorKey=\"\" AccessKey=\"Alt+k\" AutomationId=\"txtKontoNr\" ClassName=\"WindowsForms10.EDIT.app.0.13965fa_r9_ad1\" FrameworkId=\"WinForm\" HasKeyboardFocus=\"False\" HelpText=\"\" IsContentElement=\"True\" IsControlElement=\"True\" IsEnabled=\"True\" IsKeyboardFocusable=\"True\" IsOffscreen=\"False\" IsPassword=\"False\" IsRequiredForForm=\"False\" ItemStatus=\"\" ItemType=\"\" LocalizedControlType=\"edit\" Name=\"Kontonummer:\" Orientation=\"None\" ProcessId=\"22468\" RuntimeId=\"42.1968242\" x=\"108\" y=\"115\" width=\"146\" height=\"20\" /><CheckBox AcceleratorKey=\"\" AccessKey=\"Alt+b\" AutomationId=\"chkCustomerVisit\" ClassName=\"WindowsForms10.BUTTON.app.0.13965fa_r9_ad1\" FrameworkId=\"WinForm\" HasKeyboardFocus=\"False\" HelpText=\"\" IsContentElement=\"True\" IsControlElement=\"True\" IsEnabled=\"True\" IsKeyboardFocusable=\"True\" IsOffscreen=\"False\" IsPassword=\"False\" IsRequiredForForm=\"False\" ItemStatus=\"\" ItemType=\"\" LocalizedControlType=\"check box\" Name=\"Kundbesök:\" Orientation=\"None\" ProcessId=\"22468\" RuntimeId=\"42.6163890\" x=\"259\" y=\"91\" width=\"84\" height=\"16\" ToggleState=\"Off\" IsAvailable=\"True\" /><Edit AcceleratorKey=\"\" AccessKey=\"Alt+i\" AutomationId=\"txtMessage\" ClassName=\"WindowsForms10.EDIT.app.0.13965fa_r9_ad1\" FrameworkId=\"WinForm\" HasKeyboardFocus=\"False\" HelpText=\"\" IsContentElement=\"True\" IsControlElement=\"True\" IsEnabled=\"True\" IsKeyboardFocusable=\"True\" IsOffscreen=\"False\" IsPassword=\"False\" IsRequiredForForm=\"False\" ItemStatus=\"\" ItemType=\"\" LocalizedControlType=\"edit\" Name=\"Bank ID:\" Orientation=\"None\" ProcessId=\"22468\" RuntimeId=\"42.855446\" x=\"2\" y=\"224\" width=\"362\" height=\"20\" /><Button AcceleratorKey=\"\" AccessKey=\"Alt+t\" AutomationId=\"cmdActivate\" ClassName=\"WindowsForms10.BUTTON.app.0.13965fa_r9_ad1\" FrameworkId=\"WinForm\" HasKeyboardFocus=\"False\" HelpText=\"\" IsContentElement=\"True\" IsControlElement=\"True\" IsEnabled=\"True\" IsKeyboardFocusable=\"True\" IsOffscreen=\"False\" IsPassword=\"False\" IsRequiredForForm=\"False\" ItemStatus=\"\" ItemType=\"\" LocalizedControlType=\"button\" Name=\"Aktivera\" Orientation=\"None\" ProcessId=\"22468\" RuntimeId=\"42.3016788\" x=\"269\" y=\"169\" width=\"84\" height=\"25\" /><Edit AcceleratorKey=\"\" AccessKey=\"Alt+u\" AutomationId=\"txtKundNr\" ClassName=\"WindowsForms10.EDIT.app.0.13965fa_r9_ad1\" FrameworkId=\"WinForm\" HasKeyboardFocus=\"False\" HelpText=\"\" IsContentElement=\"True\" IsControlElement=\"True\" IsEnabled=\"True\" IsKeyboardFocusable=\"True\" IsOffscreen=\"False\" IsPassword=\"False\" IsRequiredForForm=\"False\" ItemStatus=\"\" ItemType=\"\" LocalizedControlType=\"edit\" Name=\"Kundnummer:\" Orientation=\"None\" ProcessId=\"22468\" RuntimeId=\"42.1510872\" x=\"108\" y=\"87\" width=\"146\" height=\"20\" /><Text AcceleratorKey=\"\" AccessKey=\"Alt+i\" AutomationId=\"lblKontor\" ClassName=\"WindowsForms10.STATIC.app.0.13965fa_r9_ad1\" FrameworkId=\"WinForm\" HasKeyboardFocus=\"False\" HelpText=\"\" IsContentElement=\"True\" IsControlElement=\"True\" IsEnabled=\"True\" IsKeyboardFocusable=\"False\" IsOffscreen=\"False\" IsPassword=\"False\" IsRequiredForForm=\"False\" ItemStatus=\"\" ItemType=\"\" LocalizedControlType=\"text\" Name=\"Bank ID:\" Orientation=\"None\" ProcessId=\"22468\" RuntimeId=\"42.4262840\" x=\"73\" y=\"63\" width=\"217\" height=\"13\" /><Text AcceleratorKey=\"\" AccessKey=\"Alt+f\" AutomationId=\"lblFondkontoNr\" ClassName=\"WindowsForms10.STATIC.app.0.13965fa_r9_ad1\" FrameworkId=\"WinForm\" HasKeyboardFocus=\"False\" HelpText=\"\" IsContentElement=\"True\" IsControlElement=\"True\" IsEnabled=\"True\" IsKeyboardFocusable=\"False\" IsOffscreen=\"False\" IsPassword=\"False\" IsRequiredForForm=\"False\" ItemStatus=\"\" ItemType=\"\" LocalizedControlType=\"text\" Name=\"Fondkontonummer:\" Orientation=\"None\" ProcessId=\"22468\" RuntimeId=\"42.920994\" x=\"9\" y=\"175\" width=\"98\" height=\"13\" /><Text AcceleratorKey=\"\" AccessKey=\"Alt+o\" AutomationId=\"lblKortNr\" ClassName=\"WindowsForms10.STATIC.app.0.13965fa_r9_ad1\" FrameworkId=\"WinForm\" HasKeyboardFocus=\"False\" HelpText=\"\" IsContentElement=\"True\" IsControlElement=\"True\" IsEnabled=\"True\" IsKeyboardFocusable=\"False\" IsOffscreen=\"False\" IsPassword=\"False\" IsRequiredForForm=\"False\" ItemStatus=\"\" ItemType=\"\" LocalizedControlType=\"text\" Name=\"Kort/kreditnr:\" Orientation=\"None\" ProcessId=\"22468\" RuntimeId=\"42.1640408\" x=\"9\" y=\"147\" width=\"85\" height=\"13\" /><Text AcceleratorKey=\"\" AccessKey=\"Alt+k\" AutomationId=\"lblKontoNr\" ClassName=\"WindowsForms10.STATIC.app.0.13965fa_r9_ad1\" FrameworkId=\"WinForm\" HasKeyboardFocus=\"False\" HelpText=\"\" IsContentElement=\"True\" IsControlElement=\"True\" IsEnabled=\"True\" IsKeyboardFocusable=\"False\" IsOffscreen=\"False\" IsPassword=\"False\" IsRequiredForForm=\"False\" ItemStatus=\"\" ItemType=\"\" LocalizedControlType=\"text\" Name=\"Kontonummer:\" Orientation=\"None\" ProcessId=\"22468\" RuntimeId=\"42.2883680\" x=\"9\" y=\"119\" width=\"85\" height=\"13\" /><Text AcceleratorKey=\"\" AccessKey=\"Alt+u\" AutomationId=\"lblKundNr\" ClassName=\"WindowsForms10.STATIC.app.0.13965fa_r9_ad1\" FrameworkId=\"WinForm\" HasKeyboardFocus=\"False\" HelpText=\"\" IsContentElement=\"True\" IsControlElement=\"True\" IsEnabled=\"True\" IsKeyboardFocusable=\"False\" IsOffscreen=\"False\" IsPassword=\"False\" IsRequiredForForm=\"False\" ItemStatus=\"\" ItemType=\"\" LocalizedControlType=\"text\" Name=\"Kundnummer:\" Orientation=\"None\" ProcessId=\"22468\" RuntimeId=\"42.2296598\" x=\"9\" y=\"91\" width=\"85\" height=\"13\" /><MenuBar AcceleratorKey=\"\" AccessKey=\"\" AutomationId=\"MainMenu1\" ClassName=\"WindowsForms10.Window.8.app.0.13965fa_r9_ad1\" FrameworkId=\"WinForm\" HasKeyboardFocus=\"False\" HelpText=\"\" IsContentElement=\"True\" IsControlElement=\"True\" IsEnabled=\"True\" IsKeyboardFocusable=\"True\" IsOffscreen=\"False\" IsPassword=\"False\" IsRequiredForForm=\"False\" ItemStatus=\"\" ItemType=\"\" LocalizedControlType=\"menu bar\" Name=\"\" Orientation=\"None\" ProcessId=\"22468\" RuntimeId=\"42.3539070\" x=\"1\" y=\"31\" width=\"362\" height=\"24\"><MenuItem AcceleratorKey=\"\" AccessKey=\"Alt+a\" AutomationId=\"\" ClassName=\"\" FrameworkId=\"\" HasKeyboardFocus=\"False\" HelpText=\"\" IsContentElement=\"True\" IsControlElement=\"True\" IsEnabled=\"True\" IsKeyboardFocusable=\"True\" IsOffscreen=\"False\" IsPassword=\"False\" IsRequiredForForm=\"False\" ItemStatus=\"\" ItemType=\"\" LocalizedControlType=\"menu item\" Name=\"Arkiv\" Orientation=\"None\" ProcessId=\"22468\" RuntimeId=\"42.6756797\" x=\"7\" y=\"33\" width=\"46\" height=\"20\" ExpandCollapseState=\"Collapsed\" IsAvailable=\"True\"><MenuItem AcceleratorKey=\"\" AccessKey=\"n\" AutomationId=\"\" ClassName=\"\" FrameworkId=\"\" HasKeyboardFocus=\"False\" HelpText=\"\" IsContentElement=\"True\" IsControlElement=\"True\" IsEnabled=\"True\" IsKeyboardFocusable=\"True\" IsOffscreen=\"True\" IsPassword=\"False\" IsRequiredForForm=\"False\" ItemStatus=\"\" ItemType=\"\" LocalizedControlType=\"menu item\" Name=\"Ny\" Orientation=\"None\" ProcessId=\"22468\" RuntimeId=\"42.60811181\" x=\"-778\" y=\"-5\" width=\"0\" height=\"0\" ExpandCollapseState=\"Collapsed\" IsAvailable=\"True\"><MenuItem AcceleratorKey=\"\" AccessKey=\"p\" AutomationId=\"\" ClassName=\"\" FrameworkId=\"\" HasKeyboardFocus=\"False\" HelpText=\"\" IsContentElement=\"True\" IsControlElement=\"True\" IsEnabled=\"True\" IsKeyboardFocusable=\"True\" IsOffscreen=\"True\" IsPassword=\"False\" IsRequiredForForm=\"False\" ItemStatus=\"\" ItemType=\"\" LocalizedControlType=\"menu item\" Name=\"Privatkund...\" Orientation=\"None\" ProcessId=\"22468\" RuntimeId=\"42.43857981\" x=\"-778\" y=\"-5\" width=\"0\" height=\"0\" /><MenuItem AcceleratorKey=\"\" AccessKey=\"j\" AutomationId=\"\" ClassName=\"\" FrameworkId=\"\" HasKeyboardFocus=\"False\" HelpText=\"\" IsContentElement=\"True\" IsControlElement=\"True\" IsEnabled=\"True\" IsKeyboardFocusable=\"True\" IsOffscreen=\"True\" IsPassword=\"False\" IsRequiredForForm=\"False\" ItemStatus=\"\" ItemType=\"\" LocalizedControlType=\"menu item\" Name=\"Juridisk kund...\" Orientation=\"None\" ProcessId=\"22468\" RuntimeId=\"42.24309136\" x=\"-778\" y=\"-5\" width=\"0\" height=\"0\" /><MenuItem AcceleratorKey=\"\" AccessKey=\"a\" AutomationId=\"\" ClassName=\"\" FrameworkId=\"\" HasKeyboardFocus=\"False\" HelpText=\"\" IsContentElement=\"True\" IsControlElement=\"True\" IsEnabled=\"True\" IsKeyboardFocusable=\"True\" IsOffscreen=\"True\" IsPassword=\"False\" IsRequiredForForm=\"False\" ItemStatus=\"\" ItemType=\"\" LocalizedControlType=\"menu item\" Name=\"Annan sammanslutning - förfogarkonto...\" Orientation=\"None\" ProcessId=\"22468\" RuntimeId=\"42.17455632\" x=\"-778\" y=\"-5\" width=\"0\" height=\"0\" /></MenuItem><MenuItem AcceleratorKey=\"\" AccessKey=\"s\" AutomationId=\"\" ClassName=\"\" FrameworkId=\"\" HasKeyboardFocus=\"False\" HelpText=\"\" IsContentElement=\"True\" IsControlElement=\"True\" IsEnabled=\"True\" IsKeyboardFocusable=\"True\" IsOffscreen=\"True\" IsPassword=\"False\" IsRequiredForForm=\"False\" ItemStatus=\"\" ItemType=\"\" LocalizedControlType=\"menu item\" Name=\"Sök\" Orientation=\"None\" ProcessId=\"22468\" RuntimeId=\"42.59177513\" x=\"-778\" y=\"-5\" width=\"0\" height=\"0\" ExpandCollapseState=\"Collapsed\" IsAvailable=\"True\"><MenuItem AcceleratorKey=\"\" AccessKey=\"l\" AutomationId=\"\" ClassName=\"\" FrameworkId=\"\" HasKeyboardFocus=\"False\" HelpText=\"\" IsContentElement=\"True\" IsControlElement=\"True\" IsEnabled=\"True\" IsKeyboardFocusable=\"True\" IsOffscreen=\"True\" IsPassword=\"False\" IsRequiredForForm=\"False\" ItemStatus=\"\" ItemType=\"\" LocalizedControlType=\"menu item\" Name=\"Kund lokalt (tidigare aktiverad på kontoret)...\" Orientation=\"None\" ProcessId=\"22468\" RuntimeId=\"42.62835574\" x=\"-778\" y=\"-5\" width=\"0\" height=\"0\" /><MenuItem AcceleratorKey=\"\" AccessKey=\"f\" AutomationId=\"\" ClassName=\"\" FrameworkId=\"\" HasKeyboardFocus=\"False\" HelpText=\"\" IsContentElement=\"True\" IsControlElement=\"True\" IsEnabled=\"True\" IsKeyboardFocusable=\"True\" IsOffscreen=\"True\" IsPassword=\"False\" IsRequiredForForm=\"False\" ItemStatus=\"\" ItemType=\"\" LocalizedControlType=\"menu item\" Name=\"Fiktiv kund...\" Orientation=\"None\" ProcessId=\"22468\" RuntimeId=\"42.22882960\" x=\"-778\" y=\"-5\" width=\"0\" height=\"0\" /></MenuItem><MenuItem AcceleratorKey=\"\" AccessKey=\"u\" AutomationId=\"\" ClassName=\"\" FrameworkId=\"\" HasKeyboardFocus=\"False\" HelpText=\"\" IsContentElement=\"True\" IsControlElement=\"True\" IsEnabled=\"True\" IsKeyboardFocusable=\"True\" IsOffscreen=\"True\" IsPassword=\"False\" IsRequiredForForm=\"False\" ItemStatus=\"\" ItemType=\"\" LocalizedControlType=\"menu item\" Name=\"Utskrifter\" Orientation=\"None\" ProcessId=\"22468\" RuntimeId=\"42.28649262\" x=\"-778\" y=\"-5\" width=\"0\" height=\"0\" ExpandCollapseState=\"Collapsed\" IsAvailable=\"True\"><MenuItem AcceleratorKey=\"\" AccessKey=\"e\" AutomationId=\"\" ClassName=\"\" FrameworkId=\"\" HasKeyboardFocus=\"False\" HelpText=\"\" IsContentElement=\"True\" IsControlElement=\"True\" IsEnabled=\"True\" IsKeyboardFocusable=\"True\" IsOffscreen=\"True\" IsPassword=\"False\" IsRequiredForForm=\"False\" ItemStatus=\"\" ItemType=\"\" LocalizedControlType=\"menu item\" Name=\"Eget brev, utskrift på\" Orientation=\"None\" ProcessId=\"22468\" RuntimeId=\"42.56516768\" x=\"-778\" y=\"-5\" width=\"0\" height=\"0\" ExpandCollapseState=\"Collapsed\" IsAvailable=\"True\"><MenuItem AcceleratorKey=\"\" AccessKey=\"b\" AutomationId=\"\" ClassName=\"\" FrameworkId=\"\" HasKeyboardFocus=\"False\" HelpText=\"\" IsContentElement=\"True\" IsControlElement=\"True\" IsEnabled=\"True\" IsKeyboardFocusable=\"True\" IsOffscreen=\"True\" IsPassword=\"False\" IsRequiredForForm=\"False\" ItemStatus=\"\" ItemType=\"\" LocalizedControlType=\"menu item\" Name=\"Brevpapper...\" Orientation=\"None\" ProcessId=\"22468\" RuntimeId=\"42.38679683\" x=\"-778\" y=\"-5\" width=\"0\" height=\"0\" /><MenuItem AcceleratorKey=\"\" AccessKey=\"v\" AutomationId=\"\" ClassName=\"\" FrameworkId=\"\" HasKeyboardFocus=\"False\" HelpText=\"\" IsContentElement=\"True\" IsControlElement=\"True\" IsEnabled=\"True\" IsKeyboardFocusable=\"True\" IsOffscreen=\"True\" IsPassword=\"False\" IsRequiredForForm=\"False\" ItemStatus=\"\" ItemType=\"\" LocalizedControlType=\"menu item\" Name=\"Vitt papper...\" Orientation=\"None\" ProcessId=\"22468\" RuntimeId=\"42.12572829\" x=\"-778\" y=\"-5\" width=\"0\" height=\"0\" /></MenuItem><MenuItem AcceleratorKey=\"\" AccessKey=\"s\" AutomationId=\"\" ClassName=\"\" FrameworkId=\"\" HasKeyboardFocus=\"False\" HelpText=\"\" IsContentElement=\"True\" IsControlElement=\"True\" IsEnabled=\"True\" IsKeyboardFocusable=\"True\" IsOffscreen=\"True\" IsPassword=\"False\" IsRequiredForForm=\"False\" ItemStatus=\"\" ItemType=\"\" LocalizedControlType=\"menu item\" Name=\"Säkerhetskopior...\" Orientation=\"None\" ProcessId=\"22468\" RuntimeId=\"42.4620049\" x=\"-778\" y=\"-5\" width=\"0\" height=\"0\" /><MenuItem AcceleratorKey=\"\" AccessKey=\"r\" AutomationId=\"\" ClassName=\"\" FrameworkId=\"\" HasKeyboardFocus=\"False\" HelpText=\"\" IsContentElement=\"True\" IsControlElement=\"True\" IsEnabled=\"True\" IsKeyboardFocusable=\"True\" IsOffscreen=\"True\" IsPassword=\"False\" IsRequiredForForm=\"False\" ItemStatus=\"\" ItemType=\"\" LocalizedControlType=\"menu item\" Name=\"Rådgivningsdokument...\" Orientation=\"None\" ProcessId=\"22468\" RuntimeId=\"42.41580444\" x=\"-778\" y=\"-5\" width=\"0\" height=\"0\" /></MenuItem><Separator AcceleratorKey=\"\" AccessKey=\"\" AutomationId=\"\" ClassName=\"\" FrameworkId=\"\" HasKeyboardFocus=\"False\" HelpText=\"\" IsContentElement=\"True\" IsControlElement=\"True\" IsEnabled=\"True\" IsKeyboardFocusable=\"False\" IsOffscreen=\"True\" IsPassword=\"False\" IsRequiredForForm=\"False\" ItemStatus=\"\" ItemType=\"\" LocalizedControlType=\"separator\" Name=\"\" Orientation=\"None\" ProcessId=\"22468\" RuntimeId=\"\" x=\"-778\" y=\"-5\" width=\"0\" height=\"0\" /><MenuItem AcceleratorKey=\"\" AccessKey=\"a\" AutomationId=\"\" ClassName=\"\" FrameworkId=\"\" HasKeyboardFocus=\"False\" HelpText=\"\" IsContentElement=\"True\" IsControlElement=\"True\" IsEnabled=\"True\" IsKeyboardFocusable=\"True\" IsOffscreen=\"True\" IsPassword=\"False\" IsRequiredForForm=\"False\" ItemStatus=\"\" ItemType=\"\" LocalizedControlType=\"menu item\" Name=\"Avsluta\" Orientation=\"None\" ProcessId=\"22468\" RuntimeId=\"42.38888871\" x=\"-778\" y=\"-5\" width=\"0\" height=\"0\" /></MenuItem><MenuItem AcceleratorKey=\"\" AccessKey=\"Alt+s\" AutomationId=\"\" ClassName=\"\" FrameworkId=\"\" HasKeyboardFocus=\"False\" HelpText=\"\" IsContentElement=\"True\" IsControlElement=\"True\" IsEnabled=\"True\" IsKeyboardFocusable=\"True\" IsOffscreen=\"False\" IsPassword=\"False\" IsRequiredForForm=\"False\" ItemStatus=\"\" ItemType=\"\" LocalizedControlType=\"menu item\" Name=\"Visa\" Orientation=\"None\" ProcessId=\"22468\" RuntimeId=\"42.10429724\" x=\"53\" y=\"33\" width=\"40\" height=\"20\" ExpandCollapseState=\"Collapsed\" IsAvailable=\"True\"><MenuItem AcceleratorKey=\"\" AccessKey=\"ö\" AutomationId=\"\" ClassName=\"\" FrameworkId=\"\" HasKeyboardFocus=\"False\" HelpText=\"\" IsContentElement=\"True\" IsControlElement=\"True\" IsEnabled=\"True\" IsKeyboardFocusable=\"True\" IsOffscreen=\"True\" IsPassword=\"False\" IsRequiredForForm=\"False\" ItemStatus=\"\" ItemType=\"\" LocalizedControlType=\"menu item\" Name=\"Kortöversikt...\" Orientation=\"None\" ProcessId=\"22468\" RuntimeId=\"42.26758660\" x=\"-778\" y=\"-5\" width=\"0\" height=\"0\" /><MenuItem AcceleratorKey=\"\" AccessKey=\"n\" AutomationId=\"\" ClassName=\"\" FrameworkId=\"\" HasKeyboardFocus=\"False\" HelpText=\"\" IsContentElement=\"True\" IsControlElement=\"True\" IsEnabled=\"True\" IsKeyboardFocusable=\"True\" IsOffscreen=\"True\" IsPassword=\"False\" IsRequiredForForm=\"False\" ItemStatus=\"\" ItemType=\"\" LocalizedControlType=\"menu item\" Name=\"Kort anslutna till konto...\" Orientation=\"None\" ProcessId=\"22468\" RuntimeId=\"42.14455523\" x=\"-778\" y=\"-5\" width=\"0\" height=\"0\" /><MenuItem AcceleratorKey=\"\" AccessKey=\"r\" AutomationId=\"\" ClassName=\"\" FrameworkId=\"\" HasKeyboardFocus=\"False\" HelpText=\"\" IsContentElement=\"True\" IsControlElement=\"True\" IsEnabled=\"True\" IsKeyboardFocusable=\"True\" IsOffscreen=\"True\" IsPassword=\"False\" IsRequiredForForm=\"False\" ItemStatus=\"\" ItemType=\"\" LocalizedControlType=\"menu item\" Name=\"Räntesatser fasträntekonto...\" Orientation=\"None\" ProcessId=\"22468\" RuntimeId=\"42.62990845\" x=\"-778\" y=\"-5\" width=\"0\" height=\"0\" /><MenuItem AcceleratorKey=\"\" AccessKey=\"i\" AutomationId=\"\" ClassName=\"\" FrameworkId=\"\" HasKeyboardFocus=\"False\" HelpText=\"\" IsContentElement=\"True\" IsControlElement=\"True\" IsEnabled=\"True\" IsKeyboardFocusable=\"True\" IsOffscreen=\"True\" IsPassword=\"False\" IsRequiredForForm=\"False\" ItemStatus=\"\" ItemType=\"\" LocalizedControlType=\"menu item\" Name=\"Avslutat IP-avtal...\" Orientation=\"None\" ProcessId=\"22468\" RuntimeId=\"42.30046694\" x=\"-778\" y=\"-5\" width=\"0\" height=\"0\" /><MenuItem AcceleratorKey=\"\" AccessKey=\"e\" AutomationId=\"\" ClassName=\"\" FrameworkId=\"\" HasKeyboardFocus=\"False\" HelpText=\"\" IsContentElement=\"True\" IsControlElement=\"True\" IsEnabled=\"True\" IsKeyboardFocusable=\"True\" IsOffscreen=\"True\" IsPassword=\"False\" IsRequiredForForm=\"False\" ItemStatus=\"\" ItemType=\"\" LocalizedControlType=\"menu item\" Name=\"Kreditlimit/lånelöfte...\" Orientation=\"None\" ProcessId=\"22468\" RuntimeId=\"42.1984791\" x=\"-778\" y=\"-5\" width=\"0\" height=\"0\" /><Separator AcceleratorKey=\"\" AccessKey=\"\" AutomationId=\"\" ClassName=\"\" FrameworkId=\"\" HasKeyboardFocus=\"False\" HelpText=\"\" IsContentElement=\"True\" IsControlElement=\"True\" IsEnabled=\"True\" IsKeyboardFocusable=\"False\" IsOffscreen=\"True\" IsPassword=\"False\" IsRequiredForForm=\"False\" ItemStatus=\"\" ItemType=\"\" LocalizedControlType=\"separator\" Name=\"\" Orientation=\"None\" ProcessId=\"22468\" RuntimeId=\"\" x=\"-778\" y=\"-5\" width=\"0\" height=\"0\" /><MenuItem AcceleratorKey=\"\" AccessKey=\"v\" AutomationId=\"\" ClassName=\"\" FrameworkId=\"\" HasKeyboardFocus=\"False\" HelpText=\"\" IsContentElement=\"True\" IsControlElement=\"True\" IsEnabled=\"True\" IsKeyboardFocusable=\"True\" IsOffscreen=\"True\" IsPassword=\"False\" IsRequiredForForm=\"False\" ItemStatus=\"\" ItemType=\"\" LocalizedControlType=\"menu item\" Name=\"Verifiera kontrolltal...\" Orientation=\"None\" ProcessId=\"22468\" RuntimeId=\"42.17863121\" x=\"-778\" y=\"-5\" width=\"0\" height=\"0\" /><MenuItem AcceleratorKey=\"\" AccessKey=\"s\" AutomationId=\"\" ClassName=\"\" FrameworkId=\"\" HasKeyboardFocus=\"False\" HelpText=\"\" IsContentElement=\"True\" IsControlElement=\"True\" IsEnabled=\"True\" IsKeyboardFocusable=\"True\" IsOffscreen=\"True\" IsPassword=\"False\" IsRequiredForForm=\"False\" ItemStatus=\"\" ItemType=\"\" LocalizedControlType=\"menu item\" Name=\"Skapa kontrolltal...\" Orientation=\"None\" ProcessId=\"22468\" RuntimeId=\"42.26550365\" x=\"-778\" y=\"-5\" width=\"0\" height=\"0\" /><Separator AcceleratorKey=\"\" AccessKey=\"\" AutomationId=\"\" ClassName=\"\" FrameworkId=\"\" HasKeyboardFocus=\"False\" HelpText=\"\" IsContentElement=\"True\" IsControlElement=\"True\" IsEnabled=\"True\" IsKeyboardFocusable=\"False\" IsOffscreen=\"True\" IsPassword=\"False\" IsRequiredForForm=\"False\" ItemStatus=\"\" ItemType=\"\" LocalizedControlType=\"separator\" Name=\"\" Orientation=\"None\" ProcessId=\"22468\" RuntimeId=\"\" x=\"-778\" y=\"-5\" width=\"0\" height=\"0\" /><MenuItem AcceleratorKey=\"\" AccessKey=\"f\" AutomationId=\"\" ClassName=\"\" FrameworkId=\"\" HasKeyboardFocus=\"False\" HelpText=\"\" IsContentElement=\"True\" IsControlElement=\"True\" IsEnabled=\"True\" IsKeyboardFocusable=\"True\" IsOffscreen=\"True\" IsPassword=\"False\" IsRequiredForForm=\"False\" ItemStatus=\"\" ItemType=\"\" LocalizedControlType=\"menu item\" Name=\"Fack...\" Orientation=\"None\" ProcessId=\"22468\" RuntimeId=\"42.37626701\" x=\"-778\" y=\"-5\" width=\"0\" height=\"0\" /><MenuItem AcceleratorKey=\"\" AccessKey=\"d\" AutomationId=\"\" ClassName=\"\" FrameworkId=\"\" HasKeyboardFocus=\"False\" HelpText=\"\" IsContentElement=\"True\" IsControlElement=\"True\" IsEnabled=\"True\" IsKeyboardFocusable=\"True\" IsOffscreen=\"True\" IsPassword=\"False\" IsRequiredForForm=\"False\" ItemStatus=\"\" ItemType=\"\" LocalizedControlType=\"menu item\" Name=\"Fondkontouppgifter...\" Orientation=\"None\" ProcessId=\"22468\" RuntimeId=\"42.3095993\" x=\"-778\" y=\"-5\" width=\"0\" height=\"0\" /><MenuItem AcceleratorKey=\"\" AccessKey=\"t\" AutomationId=\"\" ClassName=\"\" FrameworkId=\"\" HasKeyboardFocus=\"False\" HelpText=\"\" IsContentElement=\"True\" IsControlElement=\"True\" IsEnabled=\"True\" IsKeyboardFocusable=\"True\" IsOffscreen=\"True\" IsPassword=\"False\" IsRequiredForForm=\"False\" ItemStatus=\"\" ItemType=\"\" LocalizedControlType=\"menu item\" Name=\"Fondtorget\" Orientation=\"None\" ProcessId=\"22468\" RuntimeId=\"42.27863937\" x=\"-778\" y=\"-5\" width=\"0\" height=\"0\" /><Separator AcceleratorKey=\"\" AccessKey=\"\" AutomationId=\"\" ClassName=\"\" FrameworkId=\"\" HasKeyboardFocus=\"False\" HelpText=\"\" IsContentElement=\"True\" IsControlElement=\"True\" IsEnabled=\"True\" IsKeyboardFocusable=\"False\" IsOffscreen=\"True\" IsPassword=\"False\" IsRequiredForForm=\"False\" ItemStatus=\"\" ItemType=\"\" LocalizedControlType=\"separator\" Name=\"\" Orientation=\"None\" ProcessId=\"22468\" RuntimeId=\"\" x=\"-778\" y=\"-5\" width=\"0\" height=\"0\" /><MenuItem AcceleratorKey=\"\" AccessKey=\"a\" AutomationId=\"\" ClassName=\"\" FrameworkId=\"\" HasKeyboardFocus=\"False\" HelpText=\"\" IsContentElement=\"True\" IsControlElement=\"True\" IsEnabled=\"True\" IsKeyboardFocusable=\"True\" IsOffscreen=\"True\" IsPassword=\"False\" IsRequiredForForm=\"False\" ItemStatus=\"\" ItemType=\"\" LocalizedControlType=\"menu item\" Name=\"Kontorets användare...\" Orientation=\"None\" ProcessId=\"22468\" RuntimeId=\"42.49448848\" x=\"-778\" y=\"-5\" width=\"0\" height=\"0\" /></MenuItem><MenuItem AcceleratorKey=\"\" AccessKey=\"Alt+v\" AutomationId=\"\" ClassName=\"\" FrameworkId=\"\" HasKeyboardFocus=\"False\" HelpText=\"\" IsContentElement=\"True\" IsControlElement=\"True\" IsEnabled=\"True\" IsKeyboardFocusable=\"True\" IsOffscreen=\"False\" IsPassword=\"False\" IsRequiredForForm=\"False\" ItemStatus=\"\" ItemType=\"\" LocalizedControlType=\"menu item\" Name=\"Verktyg\" Orientation=\"None\" ProcessId=\"22468\" RuntimeId=\"42.39501348\" x=\"93\" y=\"33\" width=\"58\" height=\"20\" ExpandCollapseState=\"Collapsed\" IsAvailable=\"True\"><MenuItem AcceleratorKey=\"\" AccessKey=\"c\" AutomationId=\"\" ClassName=\"\" FrameworkId=\"\" HasKeyboardFocus=\"False\" HelpText=\"\" IsContentElement=\"True\" IsControlElement=\"True\" IsEnabled=\"True\" IsKeyboardFocusable=\"True\" IsOffscreen=\"True\" IsPassword=\"False\" IsRequiredForForm=\"False\" ItemStatus=\"\" ItemType=\"\" LocalizedControlType=\"menu item\" Name=\"CAT...\" Orientation=\"None\" ProcessId=\"22468\" RuntimeId=\"42.19967814\" x=\"-778\" y=\"-5\" width=\"0\" height=\"0\" /><MenuItem AcceleratorKey=\"\" AccessKey=\"l\" AutomationId=\"\" ClassName=\"\" FrameworkId=\"\" HasKeyboardFocus=\"False\" HelpText=\"\" IsContentElement=\"True\" IsControlElement=\"True\" IsEnabled=\"True\" IsKeyboardFocusable=\"True\" IsOffscreen=\"True\" IsPassword=\"False\" IsRequiredForForm=\"False\" ItemStatus=\"\" ItemType=\"\" LocalizedControlType=\"menu item\" Name=\"Larm...\" Orientation=\"None\" ProcessId=\"22468\" RuntimeId=\"42.42386454\" x=\"-778\" y=\"-5\" width=\"0\" height=\"0\" /><MenuItem AcceleratorKey=\"\" AccessKey=\"n\" AutomationId=\"\" ClassName=\"\" FrameworkId=\"\" HasKeyboardFocus=\"False\" HelpText=\"\" IsContentElement=\"True\" IsControlElement=\"True\" IsEnabled=\"True\" IsKeyboardFocusable=\"True\" IsOffscreen=\"True\" IsPassword=\"False\" IsRequiredForForm=\"False\" ItemStatus=\"\" ItemType=\"\" LocalizedControlType=\"menu item\" Name=\"Bevakning...\" Orientation=\"None\" ProcessId=\"22468\" RuntimeId=\"42.45933772\" x=\"-778\" y=\"-5\" width=\"0\" height=\"0\" /><Separator AcceleratorKey=\"\" AccessKey=\"\" AutomationId=\"\" ClassName=\"\" FrameworkId=\"\" HasKeyboardFocus=\"False\" HelpText=\"\" IsContentElement=\"True\" IsControlElement=\"True\" IsEnabled=\"True\" IsKeyboardFocusable=\"False\" IsOffscreen=\"True\" IsPassword=\"False\" IsRequiredForForm=\"False\" ItemStatus=\"\" ItemType=\"\" LocalizedControlType=\"separator\" Name=\"\" Orientation=\"None\" ProcessId=\"22468\" RuntimeId=\"\" x=\"-778\" y=\"-5\" width=\"0\" height=\"0\" /><MenuItem AcceleratorKey=\"\" AccessKey=\"k\" AutomationId=\"\" ClassName=\"\" FrameworkId=\"\" HasKeyboardFocus=\"False\" HelpText=\"\" IsContentElement=\"True\" IsControlElement=\"True\" IsEnabled=\"True\" IsKeyboardFocusable=\"True\" IsOffscreen=\"True\" IsPassword=\"False\" IsRequiredForForm=\"False\" ItemStatus=\"\" ItemType=\"\" LocalizedControlType=\"menu item\" Name=\"Kassa...\" Orientation=\"None\" ProcessId=\"22468\" RuntimeId=\"42.10750772\" x=\"-778\" y=\"-5\" width=\"0\" height=\"0\" /><MenuItem AcceleratorKey=\"\" AccessKey=\"r\" AutomationId=\"\" ClassName=\"\" FrameworkId=\"\" HasKeyboardFocus=\"False\" HelpText=\"\" IsContentElement=\"True\" IsControlElement=\"True\" IsEnabled=\"True\" IsKeyboardFocusable=\"True\" IsOffscreen=\"True\" IsPassword=\"False\" IsRequiredForForm=\"False\" ItemStatus=\"\" ItemType=\"\" LocalizedControlType=\"menu item\" Name=\"Välj redovisningsställe...\" Orientation=\"None\" ProcessId=\"22468\" RuntimeId=\"42.29648085\" x=\"-778\" y=\"-5\" width=\"0\" height=\"0\" /><MenuItem AcceleratorKey=\"\" AccessKey=\"ä\" AutomationId=\"\" ClassName=\"\" FrameworkId=\"\" HasKeyboardFocus=\"False\" HelpText=\"\" IsContentElement=\"True\" IsControlElement=\"True\" IsEnabled=\"True\" IsKeyboardFocusable=\"True\" IsOffscreen=\"True\" IsPassword=\"False\" IsRequiredForForm=\"False\" ItemStatus=\"\" ItemType=\"\" LocalizedControlType=\"menu item\" Name=\"Ändra handläggaruppgifter...\" Orientation=\"None\" ProcessId=\"22468\" RuntimeId=\"42.65506178\" x=\"-778\" y=\"-5\" width=\"0\" height=\"0\" /><MenuItem AcceleratorKey=\"\" AccessKey=\"u\" AutomationId=\"\" ClassName=\"\" FrameworkId=\"\" HasKeyboardFocus=\"False\" HelpText=\"\" IsContentElement=\"True\" IsControlElement=\"True\" IsEnabled=\"True\" IsKeyboardFocusable=\"True\" IsOffscreen=\"True\" IsPassword=\"False\" IsRequiredForForm=\"False\" ItemStatus=\"\" ItemType=\"\" LocalizedControlType=\"menu item\" Name=\"Utbetalningssystem (SUS)\" Orientation=\"None\" ProcessId=\"22468\" RuntimeId=\"42.52684690\" x=\"-778\" y=\"-5\" width=\"0\" height=\"0\" ExpandCollapseState=\"Collapsed\" IsAvailable=\"True\"><MenuItem AcceleratorKey=\"\" AccessKey=\"i\" AutomationId=\"\" ClassName=\"\" FrameworkId=\"\" HasKeyboardFocus=\"False\" HelpText=\"\" IsContentElement=\"True\" IsControlElement=\"True\" IsEnabled=\"True\" IsKeyboardFocusable=\"True\" IsOffscreen=\"True\" IsPassword=\"False\" IsRequiredForForm=\"False\" ItemStatus=\"\" ItemType=\"\" LocalizedControlType=\"menu item\" Name=\"Insättningslista...\" Orientation=\"None\" ProcessId=\"22468\" RuntimeId=\"42.4400168\" x=\"-778\" y=\"-5\" width=\"0\" height=\"0\" /><MenuItem AcceleratorKey=\"\" AccessKey=\"k\" AutomationId=\"\" ClassName=\"\" FrameworkId=\"\" HasKeyboardFocus=\"False\" HelpText=\"\" IsContentElement=\"True\" IsControlElement=\"True\" IsEnabled=\"True\" IsKeyboardFocusable=\"True\" IsOffscreen=\"True\" IsPassword=\"False\" IsRequiredForForm=\"False\" ItemStatus=\"\" ItemType=\"\" LocalizedControlType=\"menu item\" Name=\"Kontoanslutningar...\" Orientation=\"None\" ProcessId=\"22468\" RuntimeId=\"42.46046605\" x=\"-778\" y=\"-5\" width=\"0\" height=\"0\" /><MenuItem AcceleratorKey=\"\" AccessKey=\"u\" AutomationId=\"\" ClassName=\"\" FrameworkId=\"\" HasKeyboardFocus=\"False\" HelpText=\"\" IsContentElement=\"True\" IsControlElement=\"True\" IsEnabled=\"True\" IsKeyboardFocusable=\"True\" IsOffscreen=\"True\" IsPassword=\"False\" IsRequiredForForm=\"False\" ItemStatus=\"\" ItemType=\"\" LocalizedControlType=\"menu item\" Name=\"Kontantavier (SPU)...\" Orientation=\"None\" ProcessId=\"22468\" RuntimeId=\"42.11766267\" x=\"-778\" y=\"-5\" width=\"0\" height=\"0\" /><MenuItem AcceleratorKey=\"\" AccessKey=\"v\" AutomationId=\"\" ClassName=\"\" FrameworkId=\"\" HasKeyboardFocus=\"False\" HelpText=\"\" IsContentElement=\"True\" IsControlElement=\"True\" IsEnabled=\"True\" IsKeyboardFocusable=\"True\" IsOffscreen=\"True\" IsPassword=\"False\" IsRequiredForForm=\"False\" ItemStatus=\"\" ItemType=\"\" LocalizedControlType=\"menu item\" Name=\"Visa avtal...\" Orientation=\"None\" ProcessId=\"22468\" RuntimeId=\"42.38787544\" x=\"-778\" y=\"-5\" width=\"0\" height=\"0\" /><Separator AcceleratorKey=\"\" AccessKey=\"\" AutomationId=\"\" ClassName=\"\" FrameworkId=\"\" HasKeyboardFocus=\"False\" HelpText=\"\" IsContentElement=\"True\" IsControlElement=\"True\" IsEnabled=\"True\" IsKeyboardFocusable=\"False\" IsOffscreen=\"True\" IsPassword=\"False\" IsRequiredForForm=\"False\" ItemStatus=\"\" ItemType=\"\" LocalizedControlType=\"separator\" Name=\"\" Orientation=\"None\" ProcessId=\"22468\" RuntimeId=\"\" x=\"-778\" y=\"-5\" width=\"0\" height=\"0\" /><MenuItem AcceleratorKey=\"\" AccessKey=\"l\" AutomationId=\"\" ClassName=\"\" FrameworkId=\"\" HasKeyboardFocus=\"False\" HelpText=\"\" IsContentElement=\"True\" IsControlElement=\"True\" IsEnabled=\"True\" IsKeyboardFocusable=\"True\" IsOffscreen=\"True\" IsPassword=\"False\" IsRequiredForForm=\"False\" ItemStatus=\"\" ItemType=\"\" LocalizedControlType=\"menu item\" Name=\"Löne-/Utbetalningsavtal...\" Orientation=\"None\" ProcessId=\"22468\" RuntimeId=\"42.13543581\" x=\"-778\" y=\"-5\" width=\"0\" height=\"0\" /></MenuItem><Separator AcceleratorKey=\"\" AccessKey=\"\" AutomationId=\"\" ClassName=\"\" FrameworkId=\"\" HasKeyboardFocus=\"False\" HelpText=\"\" IsContentElement=\"True\" IsControlElement=\"True\" IsEnabled=\"True\" IsKeyboardFocusable=\"False\" IsOffscreen=\"True\" IsPassword=\"False\" IsRequiredForForm=\"False\" ItemStatus=\"\" ItemType=\"\" LocalizedControlType=\"separator\" Name=\"\" Orientation=\"None\" ProcessId=\"22468\" RuntimeId=\"\" x=\"-778\" y=\"-5\" width=\"0\" height=\"0\" /><MenuItem AcceleratorKey=\"\" AccessKey=\"p\" AutomationId=\"\" ClassName=\"\" FrameworkId=\"\" HasKeyboardFocus=\"False\" HelpText=\"\" IsContentElement=\"True\" IsControlElement=\"True\" IsEnabled=\"True\" IsKeyboardFocusable=\"True\" IsOffscreen=\"True\" IsPassword=\"False\" IsRequiredForForm=\"False\" ItemStatus=\"\" ItemType=\"\" LocalizedControlType=\"menu item\" Name=\"Placeringsjämförelse...\" Orientation=\"None\" ProcessId=\"22468\" RuntimeId=\"42.39601516\" x=\"-778\" y=\"-5\" width=\"0\" height=\"0\" /></MenuItem><MenuItem AcceleratorKey=\"\" AccessKey=\"Alt+h\" AutomationId=\"\" ClassName=\"\" FrameworkId=\"\" HasKeyboardFocus=\"False\" HelpText=\"\" IsContentElement=\"True\" IsControlElement=\"True\" IsEnabled=\"True\" IsKeyboardFocusable=\"True\" IsOffscreen=\"False\" IsPassword=\"False\" IsRequiredForForm=\"False\" ItemStatus=\"\" ItemType=\"\" LocalizedControlType=\"menu item\" Name=\"Hjälp\" Orientation=\"None\" ProcessId=\"22468\" RuntimeId=\"42.45492604\" x=\"151\" y=\"33\" width=\"47\" height=\"20\" ExpandCollapseState=\"Collapsed\" IsAvailable=\"True\"><MenuItem AcceleratorKey=\"\" AccessKey=\"i\" AutomationId=\"\" ClassName=\"\" FrameworkId=\"\" HasKeyboardFocus=\"False\" HelpText=\"\" IsContentElement=\"True\" IsControlElement=\"True\" IsEnabled=\"True\" IsKeyboardFocusable=\"True\" IsOffscreen=\"True\" IsPassword=\"False\" IsRequiredForForm=\"False\" ItemStatus=\"\" ItemType=\"\" LocalizedControlType=\"menu item\" Name=\"Innehåll\" Orientation=\"None\" ProcessId=\"22468\" RuntimeId=\"42.6780253\" x=\"-778\" y=\"-5\" width=\"0\" height=\"0\" /><MenuItem AcceleratorKey=\"\" AccessKey=\"h\" AutomationId=\"\" ClassName=\"\" FrameworkId=\"\" HasKeyboardFocus=\"False\" HelpText=\"\" IsContentElement=\"True\" IsControlElement=\"True\" IsEnabled=\"True\" IsKeyboardFocusable=\"True\" IsOffscreen=\"True\" IsPassword=\"False\" IsRequiredForForm=\"False\" ItemStatus=\"\" ItemType=\"\" LocalizedControlType=\"menu item\" Name=\"Hjälp om Startfönster\" Orientation=\"None\" ProcessId=\"22468\" RuntimeId=\"42.20869327\" x=\"-778\" y=\"-5\" width=\"0\" height=\"0\" /><Separator AcceleratorKey=\"\" AccessKey=\"\" AutomationId=\"\" ClassName=\"\" FrameworkId=\"\" HasKeyboardFocus=\"False\" HelpText=\"\" IsContentElement=\"True\" IsControlElement=\"True\" IsEnabled=\"True\" IsKeyboardFocusable=\"False\" IsOffscreen=\"True\" IsPassword=\"False\" IsRequiredForForm=\"False\" ItemStatus=\"\" ItemType=\"\" LocalizedControlType=\"separator\" Name=\"\" Orientation=\"None\" ProcessId=\"22468\" RuntimeId=\"\" x=\"-778\" y=\"-5\" width=\"0\" height=\"0\" /><MenuItem AcceleratorKey=\"\" AccessKey=\"o\" AutomationId=\"\" ClassName=\"\" FrameworkId=\"\" HasKeyboardFocus=\"False\" HelpText=\"\" IsContentElement=\"True\" IsControlElement=\"True\" IsEnabled=\"True\" IsKeyboardFocusable=\"True\" IsOffscreen=\"True\" IsPassword=\"False\" IsRequiredForForm=\"False\" ItemStatus=\"\" ItemType=\"\" LocalizedControlType=\"menu item\" Name=\"Om...\" Orientation=\"None\" ProcessId=\"22468\" RuntimeId=\"42.53606218\" x=\"-778\" y=\"-5\" width=\"0\" height=\"0\" /></MenuItem><MenuItem AcceleratorKey=\"\" AccessKey=\"Alt+o\" AutomationId=\"\" ClassName=\"\" FrameworkId=\"\" HasKeyboardFocus=\"False\" HelpText=\"\" IsContentElement=\"True\" IsControlElement=\"True\" IsEnabled=\"True\" IsKeyboardFocusable=\"True\" IsOffscreen=\"False\" IsPassword=\"False\" IsRequiredForForm=\"False\" ItemStatus=\"\" ItemType=\"\" LocalizedControlType=\"menu item\" Name=\"Om\" Orientation=\"None\" ProcessId=\"22468\" RuntimeId=\"42.61022284\" x=\"198\" y=\"33\" width=\"39\" height=\"20\" ExpandCollapseState=\"Collapsed\" IsAvailable=\"True\"><MenuItem AcceleratorKey=\"\" AccessKey=\"\" AutomationId=\"\" ClassName=\"\" FrameworkId=\"\" HasKeyboardFocus=\"False\" HelpText=\"\" IsContentElement=\"True\" IsControlElement=\"True\" IsEnabled=\"True\" IsKeyboardFocusable=\"True\" IsOffscreen=\"True\" IsPassword=\"False\" IsRequiredForForm=\"False\" ItemStatus=\"\" ItemType=\"\" LocalizedControlType=\"menu item\" Name=\"Hamngatan\" Orientation=\"None\" ProcessId=\"22468\" RuntimeId=\"42.12329649\" x=\"-778\" y=\"-5\" width=\"0\" height=\"0\" /><Separator AcceleratorKey=\"\" AccessKey=\"\" AutomationId=\"\" ClassName=\"\" FrameworkId=\"\" HasKeyboardFocus=\"False\" HelpText=\"\" IsContentElement=\"True\" IsControlElement=\"True\" IsEnabled=\"True\" IsKeyboardFocusable=\"False\" IsOffscreen=\"True\" IsPassword=\"False\" IsRequiredForForm=\"False\" ItemStatus=\"\" ItemType=\"\" LocalizedControlType=\"separator\" Name=\"\" Orientation=\"None\" ProcessId=\"22468\" RuntimeId=\"\" x=\"-778\" y=\"-5\" width=\"0\" height=\"0\" /><MenuItem AcceleratorKey=\"\" AccessKey=\"k\" AutomationId=\"\" ClassName=\"\" FrameworkId=\"\" HasKeyboardFocus=\"False\" HelpText=\"\" IsContentElement=\"True\" IsControlElement=\"True\" IsEnabled=\"True\" IsKeyboardFocusable=\"True\" IsOffscreen=\"True\" IsPassword=\"False\" IsRequiredForForm=\"False\" ItemStatus=\"\" ItemType=\"\" LocalizedControlType=\"menu item\" Name=\"Visa kontorsuppgifter\" Orientation=\"None\" ProcessId=\"22468\" RuntimeId=\"42.12693918\" x=\"-778\" y=\"-5\" width=\"0\" height=\"0\" /><MenuItem AcceleratorKey=\"\" AccessKey=\"a\" AutomationId=\"\" ClassName=\"\" FrameworkId=\"\" HasKeyboardFocus=\"False\" HelpText=\"\" IsContentElement=\"True\" IsControlElement=\"True\" IsEnabled=\"True\" IsKeyboardFocusable=\"True\" IsOffscreen=\"True\" IsPassword=\"False\" IsRequiredForForm=\"False\" ItemStatus=\"\" ItemType=\"\" LocalizedControlType=\"menu item\" Name=\"Visa Kassauppgifter\" Orientation=\"None\" ProcessId=\"22468\" RuntimeId=\"42.47136405\" x=\"-778\" y=\"-5\" width=\"0\" height=\"0\" /><Separator AcceleratorKey=\"\" AccessKey=\"\" AutomationId=\"\" ClassName=\"\" FrameworkId=\"\" HasKeyboardFocus=\"False\" HelpText=\"\" IsContentElement=\"True\" IsControlElement=\"True\" IsEnabled=\"True\" IsKeyboardFocusable=\"False\" IsOffscreen=\"True\" IsPassword=\"False\" IsRequiredForForm=\"False\" ItemStatus=\"\" ItemType=\"\" LocalizedControlType=\"separator\" Name=\"\" Orientation=\"None\" ProcessId=\"22468\" RuntimeId=\"\" x=\"-778\" y=\"-5\" width=\"0\" height=\"0\" /><MenuItem AcceleratorKey=\"\" AccessKey=\"r\" AutomationId=\"\" ClassName=\"\" FrameworkId=\"\" HasKeyboardFocus=\"False\" HelpText=\"\" IsContentElement=\"True\" IsControlElement=\"True\" IsEnabled=\"True\" IsKeyboardFocusable=\"True\" IsOffscreen=\"True\" IsPassword=\"False\" IsRequiredForForm=\"False\" ItemStatus=\"\" ItemType=\"\" LocalizedControlType=\"menu item\" Name=\"Välj redovisningsställe...\" Orientation=\"None\" ProcessId=\"22468\" RuntimeId=\"42.21574462\" x=\"-778\" y=\"-5\" width=\"0\" height=\"0\" /><MenuItem AcceleratorKey=\"\" AccessKey=\"ä\" AutomationId=\"\" ClassName=\"\" FrameworkId=\"\" HasKeyboardFocus=\"False\" HelpText=\"\" IsContentElement=\"True\" IsControlElement=\"True\" IsEnabled=\"True\" IsKeyboardFocusable=\"True\" IsOffscreen=\"True\" IsPassword=\"False\" IsRequiredForForm=\"False\" ItemStatus=\"\" ItemType=\"\" LocalizedControlType=\"menu item\" Name=\"Ändra handläggaruppgifter...\" Orientation=\"None\" ProcessId=\"22468\" RuntimeId=\"42.59952436\" x=\"-778\" y=\"-5\" width=\"0\" height=\"0\" /><Separator AcceleratorKey=\"\" AccessKey=\"\" AutomationId=\"\" ClassName=\"\" FrameworkId=\"\" HasKeyboardFocus=\"False\" HelpText=\"\" IsContentElement=\"True\" IsControlElement=\"True\" IsEnabled=\"True\" IsKeyboardFocusable=\"False\" IsOffscreen=\"True\" IsPassword=\"False\" IsRequiredForForm=\"False\" ItemStatus=\"\" ItemType=\"\" LocalizedControlType=\"separator\" Name=\"\" Orientation=\"None\" ProcessId=\"22468\" RuntimeId=\"\" x=\"-778\" y=\"-5\" width=\"0\" height=\"0\" /><MenuItem AcceleratorKey=\"\" AccessKey=\"p\" AutomationId=\"\" ClassName=\"\" FrameworkId=\"\" HasKeyboardFocus=\"False\" HelpText=\"\" IsContentElement=\"True\" IsControlElement=\"True\" IsEnabled=\"True\" IsKeyboardFocusable=\"True\" IsOffscreen=\"True\" IsPassword=\"False\" IsRequiredForForm=\"False\" ItemStatus=\"\" ItemType=\"\" LocalizedControlType=\"menu item\" Name=\"Visa SYAparametrar\" Orientation=\"None\" ProcessId=\"22468\" RuntimeId=\"42.2701015\" x=\"-778\" y=\"-5\" width=\"0\" height=\"0\" /></MenuItem></MenuBar><TitleBar AcceleratorKey=\"\" AutomationId=\"TitleBar\" ClassName=\"\" FrameworkId=\"\" HasKeyboardFocus=\"False\" IsContentElement=\"False\" IsControlElement=\"True\" IsEnabled=\"True\" IsKeyboardFocusable=\"True\" IsOffscreen=\"False\" IsPassword=\"False\" IsRequiredForForm=\"False\" ItemStatus=\"\" ItemType=\"\" LocalizedControlType=\"title bar\" Orientation=\"None\" ProcessId=\"22468\" RuntimeId=\"42.1443320.3.-2147483647.1443320.-2.0\" x=\"17\" y=\"3\" width=\"346\" height=\"28\"><MenuBar AcceleratorKey=\"\" AccessKey=\"Alt+Space\" AutomationId=\"SystemMenuBar\" ClassName=\"\" FrameworkId=\"\" HasKeyboardFocus=\"False\" IsContentElement=\"False\" IsControlElement=\"True\" IsEnabled=\"True\" IsKeyboardFocusable=\"True\" IsOffscreen=\"False\" IsPassword=\"False\" IsRequiredForForm=\"False\" ItemStatus=\"\" ItemType=\"\" LocalizedControlType=\"menu bar\" Name=\"System\" Orientation=\"None\" ProcessId=\"22468\" RuntimeId=\"42.1443320.3.-2147483646.22468.253955483.0\" x=\"1\" y=\"8\" width=\"22\" height=\"22\"><MenuItem AcceleratorKey=\"\" AccessKey=\"Space\" AutomationId=\"\" ClassName=\"\" FrameworkId=\"\" HasKeyboardFocus=\"False\" IsContentElement=\"True\" IsControlElement=\"True\" IsEnabled=\"True\" IsKeyboardFocusable=\"True\" IsOffscreen=\"False\" IsPassword=\"False\" IsRequiredForForm=\"False\" ItemStatus=\"\" ItemType=\"\" LocalizedControlType=\"menu item\" Name=\"System\" Orientation=\"None\" ProcessId=\"22468\" RuntimeId=\"42.1443320.3.-2147483646.22468.253955483.1\" x=\"1\" y=\"8\" width=\"22\" height=\"22\" ExpandCollapseState=\"Collapsed\" IsAvailable=\"True\" /></MenuBar><Button AcceleratorKey=\"\" AutomationId=\"Minimize-Restore\" ClassName=\"\" FrameworkId=\"\" HasKeyboardFocus=\"False\" IsContentElement=\"False\" IsControlElement=\"True\" IsEnabled=\"True\" IsKeyboardFocusable=\"False\" IsOffscreen=\"False\" IsPassword=\"False\" IsRequiredForForm=\"False\" ItemStatus=\"\" ItemType=\"\" LocalizedControlType=\"button\" Name=\"Minimize\" Orientation=\"None\" ProcessId=\"22468\" RuntimeId=\"42.1443320.3.-2147483647.1443320.-2.2\" x=\"224\" y=\"1\" width=\"47\" height=\"30\" /><Button AcceleratorKey=\"\" AutomationId=\"Maximize-Restore\" ClassName=\"\" FrameworkId=\"\" HasKeyboardFocus=\"False\" IsContentElement=\"False\" IsControlElement=\"True\" IsEnabled=\"False\" IsKeyboardFocusable=\"False\" IsOffscreen=\"False\" IsPassword=\"False\" IsRequiredForForm=\"False\" ItemStatus=\"\" ItemType=\"\" LocalizedControlType=\"button\" Name=\"Maximize\" Orientation=\"None\" ProcessId=\"22468\" RuntimeId=\"42.1443320.3.-2147483647.1443320.-2.3\" x=\"271\" y=\"1\" width=\"46\" height=\"30\" /><Button AcceleratorKey=\"\" AutomationId=\"Close\" ClassName=\"\" FrameworkId=\"\" HasKeyboardFocus=\"False\" IsContentElement=\"False\" IsControlElement=\"True\" IsEnabled=\"True\" IsKeyboardFocusable=\"False\" IsOffscreen=\"False\" IsPassword=\"False\" IsRequiredForForm=\"False\" ItemStatus=\"\" ItemType=\"\" LocalizedControlType=\"button\" Name=\"Close\" Orientation=\"None\" ProcessId=\"22468\" RuntimeId=\"42.1443320.3.-2147483647.1443320.-2.5\" x=\"317\" y=\"1\" width=\"47\" height=\"30\" /></TitleBar></Window>"<parameters><parameter name="lastName" val="WRITE"/><parameter name="remoteCustomer" val="WRITE"/><parameter name="sectorCode" val="WRITE"/><parameter name="Deceased" val="WRITE"/><parameter name="citizenship" val="WRITE"/><parameter name="sex" val="WRITE"/><parameter name="dateOfBirth" val="WRITE"/><parameter name="taxCode" val="WRITE"/><parameter name="lastname" val="WRITE"/><parameter name="birthPlace" val="WRITE"/><parameter name="firstName" val="WRITE"/><parameter name="birthCountry" val="WRITE"/><parameter name="company" val="WRITE"/><parameter name="AddressForNewBankCustomer" val="WRITE"/><parameter name="email" val="WRITE"/></parameters>